1,1,5,0,1,1,0,1,-55555,0,-55555,0,3
2,1,2,0,0,1,1,1,-55555,0,-55555,0,5
3,1,4,0,0,1,1,1,-55555,0,-55555,2,3
4,1,3,0,0,1,1,1,-55555,1,-55555,0,4
5,1,2,0,0,1,1,1,-55555,1,-55555,2,5
6,1,2,1,1,1,1,1,-55555,1,-55555,0,5
7,1,5,0,0,1,1,1,-55555,1,-55555,2,5
8,1,2,0,1,1,1,1,-55555,1,-55555,0,5
9,1,2,1,1,1,1,1,-55555,1,-55555,2,3
10,1,3,1,1,0,0,1,-55555,0,-55555,0,1
11,1,3,1,1,1,1,1,-55555,1,-55555,2,5
12,1,5,0,1,1,1,1,-55555,1,-55555,1,5
13,1,3,0,1,1,1,1,-55555,1,-55555,2,5
14,1,5,0,1,1,1,1,-55555,1,-55555,2,6
15,1,3,0,1,0,0,0,-55555,0,-55555,2,4
16,1,4,0,1,1,1,1,-55555,1,-55555,2,5
17,1,4,0,0,1,1,1,-55555,0,-55555,1,5
18,1,5,1,1,1,0,1,-55555,0,-55555,1,3
19,1,4,1,0,1,0,1,-55555,0,-55555,1,4
20,1,4,1,1,1,0,1,-55555,0,-55555,1,4
21,1,5,1,1,1,1,1,-55555,1,-55555,2,6
22,1,5,0,1,1,0,1,-55555,1,-55555,1,5
23,1,3,0,1,1,0,1,-55555,1,-55555,2,5
24,1,3,0,1,1,1,1,-55555,1,-55555,0,4
25,1,4,1,0,1,1,1,-55555,1,-55555,2,5
26,1,5,0,0,1,1,1,-55555,0,-55555,0,4
27,1,5,1,1,0,0,1,-55555,0,-55555,1,3
28,1,3,1,0,0,1,1,-55555,0,-55555,1,4
29,1,5,0,1,1,1,1,-55555,1,-55555,2,5
30,1,2,0,0,1,0,1,-55555,1,-55555,2,4
31,1,2,1,1,0,1,1,-55555,1,-55555,2,4
32,1,2,1,0,0,0,1,-55555,1,-55555,2,3
33,1,4,1,1,1,1,1,-55555,1,-55555,2,5
34,1,5,1,1,0,1,1,-55555,0,-55555,1,2
35,1,2,0,0,1,0,1,-55555,1,-55555,2,4
36,1,3,1,1,1,1,1,-55555,1,-55555,1,5
37,1,4,0,1,1,1,1,-55555,1,-55555,2,5
38,1,2,0,0,0,0,1,-55555,1,-55555,1,3
39,1,4,1,0,0,0,1,-55555,0,-55555,0,3
40,1,3,0,0,0,0,1,-55555,0,-55555,2,3
41,1,2,0,0,0,0,0,-55555,0,-55555,0,0
42,1,4,0,0,1,1,1,-55555,1,-55555,1,5
43,1,4,0,0,1,0,1,-55555,1,-55555,2,3
44,1,5,1,1,1,0,1,-55555,0,-55555,0,3
45,1,2,1,0,0,1,0,-55555,1,-55555,1,5
46,1,5,1,0,1,0,1,-55555,1,-55555,2,5
47,1,3,0,1,0,1,1,-55555,0,-55555,1,3
48,1,3,1,1,1,0,1,-55555,0,-55555,1,4
49,1,3,0,0,1,1,1,-55555,1,-55555,1,4
50,1,4,0,0,1,0,1,-55555,1,-55555,1,4
51,1,5,0,0,1,0,1,-55555,0,-55555,1,3
52,1,5,0,0,1,1,1,-55555,1,-55555,1,5
53,1,3,1,1,1,1,1,-55555,1,-55555,0,4
54,1,2,0,0,0,0,0,-55555,0,-55555,0,2
55,1,5,1,1,1,0,0,-55555,0,-55555,0,1
56,1,3,1,0,1,1,1,-55555,1,-55555,1,4
57,1,5,1,1,1,1,1,-55555,1,-55555,1,4
58,1,5,1,1,1,1,1,-55555,1,-55555,2,7
59,1,4,1,1,1,1,1,-55555,1,-55555,2,6
60,1,4,0,0,1,1,1,-55555,1,-55555,2,8
61,1,4,1,0,1,0,0,-55555,1,-55555,2,3
62,1,5,1,0,1,1,1,-55555,1,-55555,2,6
63,1,5,1,0,1,1,1,-55555,0,-55555,1,4
64,1,3,0,0,1,1,1,-55555,1,-55555,2,4
65,1,2,0,1,1,1,1,-55555,1,-55555,2,5
66,1,5,0,0,1,1,1,-55555,1,-55555,1,4
67,1,5,0,1,1,0,1,-55555,1,-55555,1,4
68,1,4,0,1,1,1,0,-55555,1,-55555,0,3
69,1,5,1,0,1,1,1,-55555,1,-55555,0,5
70,1,5,0,1,1,1,1,-55555,1,-55555,1,4
71,1,5,0,0,1,1,1,-55555,1,-55555,2,5
72,1,5,0,1,1,0,1,-55555,1,-55555,0,4
73,1,3,1,1,0,1,0,-55555,0,-55555,2,4
74,1,5,0,0,1,1,1,-55555,1,-55555,2,7
75,1,3,0,1,0,0,0,-55555,0,-55555,0,3
76,1,2,0,1,1,1,1,-55555,1,-55555,2,5
77,1,2,0,1,1,1,0,-55555,1,-55555,2,6
78,1,3,0,0,1,0,1,-55555,1,-55555,2,3
79,1,4,1,0,1,1,1,-55555,1,-55555,1,5
80,1,4,1,0,1,1,1,-55555,1,-55555,2,4
81,1,5,1,0,1,0,1,-55555,0,-55555,0,3
82,1,3,1,0,1,1,1,-55555,1,-55555,2,5
83,1,4,1,0,1,1,0,-55555,0,-55555,1,3
84,1,5,1,1,1,0,1,-55555,0,-55555,0,4
85,1,5,1,0,1,1,1,-55555,1,-55555,2,6
86,1,3,0,0,1,1,1,-55555,1,-55555,1,5
87,1,2,1,0,1,1,1,-55555,1,-55555,1,5
88,1,4,0,0,1,1,1,-55555,1,-55555,2,6
89,1,2,0,1,1,1,1,-55555,1,-55555,2,7
90,1,4,1,0,1,1,1,-55555,1,-55555,2,5
91,1,4,1,1,1,1,1,-55555,1,-55555,0,4
92,1,5,0,0,1,1,1,-55555,0,-55555,1,3
93,1,3,0,1,1,0,0,-55555,0,-55555,0,3
94,1,2,1,1,0,0,0,-55555,1,-55555,1,4
95,1,2,0,0,1,0,0,-55555,0,-55555,0,3
96,1,5,0,1,1,1,1,-55555,1,-55555,1,5
97,1,4,1,1,1,1,1,-55555,1,-55555,1,5
98,1,4,0,1,1,1,1,-55555,1,-55555,1,6
99,1,5,1,1,1,1,1,-55555,1,-55555,2,5
100,1,2,0,0,1,0,1,-55555,1,-55555,2,3
101,1,4,1,0,1,1,1,-55555,1,-55555,2,4
102,1,2,0,1,0,0,0,-55555,0,-55555,0,2
103,1,5,0,0,1,0,1,-55555,1,-55555,1,3
104,1,3,0,1,1,1,1,-55555,1,-55555,2,6
105,1,2,0,0,1,1,1,-55555,1,-55555,2,5
106,1,4,1,0,0,1,1,-55555,0,-55555,2,3
107,1,5,1,1,1,0,1,-55555,0,-55555,1,3
108,1,4,1,1,1,1,1,-55555,1,-55555,0,4
109,1,2,1,1,1,1,1,-55555,1,-55555,1,4
110,1,3,0,0,1,1,1,-55555,1,-55555,1,5
111,1,5,0,1,1,1,1,-55555,1,-55555,0,5
112,1,4,0,0,1,1,1,-55555,1,-55555,2,5
113,1,5,0,1,1,1,0,-55555,1,-55555,1,3
114,1,2,0,1,0,0,0,-55555,0,-55555,0,2
115,1,3,0,1,0,0,0,-55555,0,-55555,1,2
116,1,2,0,1,1,0,1,-55555,0,-55555,0,3
117,1,4,1,0,1,0,1,-55555,1,-55555,2,4
118,1,4,0,1,1,1,1,-55555,0,-55555,0,5
119,1,3,1,0,1,0,1,-55555,1,-55555,1,4
120,1,5,1,0,1,1,1,-55555,0,-55555,1,5
121,1,5,0,0,0,1,0,-55555,0,-55555,0,4
122,1,4,1,0,1,0,0,-55555,0,-55555,0,4
123,1,4,0,1,1,0,0,-55555,0,-55555,2,3
124,1,3,1,0,1,1,1,-55555,1,-55555,0,4
125,1,2,0,1,1,1,1,-55555,1,-55555,1,5
126,1,3,0,0,1,1,1,-55555,1,-55555,2,6
127,1,5,1,1,1,1,1,-55555,1,-55555,1,5
128,1,4,1,0,0,1,1,-55555,1,-55555,2,4
129,1,2,0,1,0,1,0,-55555,0,-55555,0,4
130,1,2,1,1,1,1,1,-55555,1,-55555,2,6
131,1,5,1,1,1,1,1,-55555,1,-55555,2,5
132,1,5,0,0,1,0,0,-55555,0,-55555,0,3
133,1,2,1,1,0,0,0,-55555,0,-55555,1,2
134,1,5,1,1,1,1,1,-55555,1,-55555,2,6
135,1,5,1,1,1,0,1,-55555,0,-55555,0,2
136,1,2,1,1,0,0,0,-55555,0,-55555,0,2
137,1,3,1,1,1,1,1,-55555,1,-55555,1,3
138,1,4,0,0,1,1,1,-55555,0,-55555,0,4
139,1,4,1,1,1,0,1,-55555,0,-55555,1,3
140,1,3,0,1,1,0,1,-55555,0,-55555,2,3
141,1,2,1,0,1,1,1,-55555,1,-55555,2,4
142,1,4,0,1,1,0,1,-55555,1,-55555,2,5
143,1,4,0,0,1,1,1,-55555,1,-55555,2,4
144,1,2,0,0,0,1,0,-55555,1,-55555,2,5
145,1,2,1,0,0,0,1,-55555,0,-55555,0,2
146,1,3,1,1,0,0,0,-55555,0,-55555,0,3
147,1,5,1,0,1,1,1,-55555,1,-55555,2,6
148,1,5,1,1,1,1,1,-55555,1,-55555,1,5
149,1,5,1,0,1,1,1,-55555,0,-55555,2,3
150,1,3,0,1,1,1,1,-55555,1,-55555,2,4
151,1,5,0,1,1,1,1,-55555,1,-55555,2,6
152,1,4,1,0,0,0,1,-55555,0,-55555,0,3
153,1,4,0,1,1,1,1,-55555,1,-55555,2,6
154,1,3,1,0,1,0,1,-55555,0,-55555,0,3
155,1,3,1,0,1,0,1,-55555,1,-55555,2,3
156,1,5,1,0,1,0,1,-55555,1,-55555,0,4
157,1,2,1,1,1,1,0,-55555,0,-55555,0,4
158,1,2,1,0,1,1,1,-55555,1,-55555,2,5
159,1,5,1,0,1,1,1,-55555,1,-55555,1,4
160,1,5,0,1,1,0,0,-55555,0,-55555,0,3
161,1,3,1,0,0,0,0,-55555,0,-55555,1,3
162,1,3,1,0,1,1,0,-55555,1,-55555,0,3
163,1,2,0,0,1,0,1,-55555,0,-55555,0,3
164,1,3,0,1,0,0,1,-55555,1,-55555,1,4
165,1,2,1,0,0,0,0,-55555,0,-55555,0,1
166,1,4,0,1,1,1,0,-55555,0,-55555,1,4
167,1,3,0,1,1,1,1,-55555,1,-55555,2,6
168,1,3,1,1,0,0,0,-55555,0,-55555,0,3
169,1,4,0,0,1,1,1,-55555,1,-55555,1,6
170,1,3,1,1,0,1,0,-55555,0,-55555,1,3
171,1,5,1,1,1,1,1,-55555,0,-55555,0,4
172,1,2,1,0,1,0,0,-55555,0,-55555,0,4
173,1,2,0,1,1,1,1,-55555,1,-55555,2,5
174,1,5,1,0,1,1,1,-55555,1,-55555,2,5
175,1,3,1,0,1,1,1,-55555,1,-55555,2,4
176,1,4,0,0,1,1,1,-55555,0,-55555,1,3
177,1,5,1,1,1,1,1,-55555,1,-55555,2,5
178,1,4,1,1,1,1,1,-55555,1,-55555,2,6
179,1,5,1,0,1,0,1,-55555,1,-55555,1,5
180,1,3,1,0,0,0,1,-55555,1,-55555,2,3
181,1,3,0,0,1,0,1,-55555,0,-55555,1,4
182,1,2,0,1,0,1,0,-55555,0,-55555,1,3
183,1,4,0,1,1,1,1,-55555,1,-55555,2,5
184,1,2,0,1,0,1,1,-55555,1,-55555,1,3
185,1,4,0,0,1,1,1,-55555,1,-55555,1,5
186,1,4,0,0,1,1,1,-55555,1,-55555,2,6
187,1,4,0,0,0,0,0,-55555,0,-55555,0,3
188,1,4,1,1,1,1,1,-55555,1,-55555,2,4
189,1,4,0,0,1,1,0,-55555,1,-55555,2,4
190,1,3,0,0,1,0,0,-55555,0,-55555,1,4
191,1,2,0,0,1,1,0,-55555,0,-55555,0,3
192,1,4,1,1,1,1,1,-55555,0,-55555,1,4
193,1,5,1,1,1,1,0,-55555,1,-55555,0,3
194,1,2,1,0,1,1,1,-55555,1,-55555,1,5
195,1,3,1,0,1,1,1,-55555,1,-55555,2,4
196,1,3,1,1,0,1,0,-55555,1,-55555,2,5
197,1,3,1,1,1,1,1,-55555,1,-55555,2,4
198,1,2,0,1,1,0,0,-55555,0,-55555,2,3
199,1,4,0,0,1,1,1,-55555,1,-55555,2,6
200,1,5,1,1,1,1,1,-55555,1,-55555,0,5
201,1,5,0,0,1,0,1,-55555,0,-55555,0,3
202,1,2,1,0,0,1,0,-55555,0,-55555,1,2
203,1,2,0,1,1,1,0,-55555,0,-55555,0,4
204,1,4,1,1,0,0,1,-55555,0,-55555,0,2
205,1,5,0,0,1,0,1,-55555,1,-55555,2,4
206,1,5,1,0,1,1,1,-55555,1,-55555,2,5
207,1,3,0,0,1,0,1,-55555,1,-55555,2,5
208,1,2,1,0,1,1,0,-55555,0,-55555,0,3
209,1,4,1,0,1,1,1,-55555,0,-55555,1,4
210,1,4,0,1,1,1,1,-55555,1,-55555,2,5
211,1,4,0,1,1,0,1,-55555,1,-55555,2,3
212,1,3,1,0,0,0,1,-55555,1,-55555,0,3
213,1,4,1,1,0,1,0,-55555,1,-55555,1,4
214,1,5,1,0,1,0,1,-55555,1,-55555,1,5
215,1,2,0,1,1,0,1,-55555,1,-55555,2,4
216,1,5,0,1,1,1,1,-55555,1,-55555,2,6
217,1,4,1,0,1,1,1,-55555,1,-55555,1,4
218,1,5,0,1,1,0,0,-55555,1,-55555,0,4
219,1,5,0,1,1,1,1,-55555,1,-55555,2,4
220,1,4,1,0,1,1,1,-55555,1,-55555,2,5
221,1,4,0,1,1,1,1,-55555,1,-55555,2,4
222,1,3,0,0,1,1,1,-55555,1,-55555,1,3
223,1,3,0,1,1,1,1,-55555,1,-55555,2,5
224,1,3,1,1,1,1,0,-55555,1,-55555,2,4
225,1,4,1,1,0,0,0,-55555,0,-55555,0,3
226,1,5,1,0,1,1,1,-55555,1,-55555,2,5
227,1,3,1,1,0,0,0,-55555,0,-55555,0,3
228,1,2,1,0,1,0,0,-55555,0,-55555,0,2
229,1,5,1,1,1,0,1,-55555,0,-55555,2,3
230,1,3,0,0,1,1,1,-55555,1,-55555,2,4
231,1,2,1,0,1,0,0,-55555,1,-55555,1,4
232,1,2,1,1,1,1,1,-55555,0,-55555,1,5
233,1,3,1,1,1,1,1,-55555,0,-55555,1,4
234,1,3,0,0,1,0,1,-55555,1,-55555,0,4
235,1,4,0,1,1,1,1,-55555,0,-55555,0,3
236,1,4,0,1,1,1,1,-55555,1,-55555,2,5
237,1,3,0,1,1,1,1,-55555,1,-55555,1,4
238,1,4,0,1,1,0,1,-55555,1,-55555,1,3
239,1,3,0,1,1,0,0,-55555,0,-55555,1,2
240,1,3,0,0,0,1,1,-55555,1,-55555,0,3
241,1,5,1,0,1,1,1,-55555,1,-55555,2,7
242,1,5,0,1,1,1,1,-55555,1,-55555,1,5
243,1,2,1,0,0,1,0,-55555,1,-55555,2,4
244,1,2,1,0,1,1,1,-55555,1,-55555,1,5
245,1,5,0,0,0,0,0,-55555,0,-55555,0,2
246,1,4,1,0,1,0,1,-55555,0,-55555,0,3
247,1,5,1,1,0,0,1,-55555,1,-55555,1,3
248,1,4,0,0,1,0,1,-55555,0,-55555,1,3
249,1,4,1,0,1,1,1,-55555,1,-55555,1,5
250,1,3,1,0,1,1,1,-55555,1,-55555,2,6
251,2,10,0,1,-55555,-55555,1,1,1,-55555,1,8
252,2,10,1,1,-55555,-55555,1,1,1,-55555,1,7
253,2,6,1,0,-55555,-55555,1,1,1,-55555,2,8
254,2,8,0,1,-55555,-55555,1,1,1,-55555,2,8
255,2,10,0,1,-55555,-55555,1,1,1,-55555,1,9
256,2,10,0,1,-55555,-55555,1,1,1,-55555,2,9
257,2,8,1,1,-55555,-55555,1,1,1,-55555,2,8
258,2,8,0,0,-55555,-55555,1,1,1,-55555,2,8
259,2,10,0,1,-55555,-55555,1,1,1,-55555,2,7
260,2,4,1,1,-55555,-55555,1,1,1,-55555,2,5
261,2,10,1,1,-55555,-55555,1,1,1,-55555,2,7
262,2,6,1,1,-55555,-55555,1,1,1,-55555,1,6
263,2,8,1,0,-55555,-55555,1,1,1,-55555,2,9
264,2,8,0,0,-55555,-55555,1,1,1,-55555,1,8
265,2,8,0,1,-55555,-55555,1,0,1,-55555,2,5
266,2,4,1,0,-55555,-55555,1,1,1,-55555,2,7
267,2,8,0,0,-55555,-55555,1,1,1,-55555,2,9
268,2,4,0,1,-55555,-55555,1,1,1,-55555,2,4
269,2,4,1,1,-55555,-55555,0,1,1,-55555,2,4
270,2,10,1,1,-55555,-55555,1,1,0,-55555,2,6
271,2,8,0,0,-55555,-55555,1,1,1,-55555,2,8
272,2,4,0,0,-55555,-55555,1,1,1,-55555,1,5
273,2,8,0,0,-55555,-55555,1,1,1,-55555,1,8
274,2,10,1,0,-55555,-55555,1,1,1,-55555,0,8
275,2,10,1,1,-55555,-55555,1,1,1,-55555,2,9
276,2,4,0,0,-55555,-55555,0,1,0,-55555,1,3
277,2,4,1,0,-55555,-55555,1,0,1,-55555,2,4
278,2,4,0,0,-55555,-55555,0,1,0,-55555,0,4
279,2,6,0,0,-55555,-55555,1,1,0,-55555,2,4
280,2,8,1,1,-55555,-55555,1,1,1,-55555,1,4
281,2,6,1,1,-55555,-55555,1,0,0,-55555,1,4
282,2,8,1,0,-55555,-55555,1,1,1,-55555,1,7
283,2,8,1,0,-55555,-55555,1,1,1,-55555,2,7
284,2,8,0,1,-55555,-55555,1,1,1,-55555,2,7
285,2,6,0,0,-55555,-55555,1,0,1,-55555,2,6
286,2,6,1,0,-55555,-55555,1,1,1,-55555,2,8
287,2,6,0,1,-55555,-55555,1,1,1,-55555,2,7
288,2,6,1,0,-55555,-55555,1,0,0,-55555,2,5
289,2,10,0,0,-55555,-55555,1,1,1,-55555,1,8
290,2,4,1,0,-55555,-55555,1,1,1,-55555,2,6
291,2,6,0,1,-55555,-55555,1,1,1,-55555,1,5
292,2,6,1,0,-55555,-55555,1,1,1,-55555,2,5
293,2,6,1,1,-55555,-55555,1,1,1,-55555,1,6
294,2,6,0,0,-55555,-55555,1,1,1,-55555,2,6
295,2,6,0,0,-55555,-55555,0,0,0,-55555,0,3
296,2,6,0,0,-55555,-55555,1,1,1,-55555,2,5
297,2,10,0,1,-55555,-55555,1,1,1,-55555,0,8
298,2,8,0,1,-55555,-55555,1,1,1,-55555,2,7
299,2,4,0,1,-55555,-55555,1,1,0,-55555,0,4
300,2,4,1,1,-55555,-55555,1,1,1,-55555,1,6
301,2,4,1,1,-55555,-55555,1,1,1,-55555,2,7
302,2,8,0,0,-55555,-55555,1,1,1,-55555,0,6
303,2,8,1,0,-55555,-55555,1,1,1,-55555,1,8
304,2,6,1,1,-55555,-55555,1,1,0,-55555,0,5
305,2,10,0,1,-55555,-55555,1,1,1,-55555,2,7
306,2,6,1,0,-55555,-55555,1,0,0,-55555,0,4
307,2,4,0,1,-55555,-55555,0,0,0,-55555,1,2
308,2,4,1,1,-55555,-55555,1,1,1,-55555,2,5
309,2,6,0,0,-55555,-55555,1,1,1,-55555,2,6
310,2,8,0,1,-55555,-55555,1,1,1,-55555,2,8
311,2,4,0,1,-55555,-55555,0,1,1,-55555,0,5
312,2,10,0,1,-55555,-55555,1,1,1,-55555,0,7
313,2,10,1,0,-55555,-55555,1,1,1,-55555,2,9
314,2,8,0,0,-55555,-55555,1,1,1,-55555,2,8
315,2,10,0,1,-55555,-55555,1,1,1,-55555,2,7
316,2,8,0,1,-55555,-55555,1,1,1,-55555,2,7
317,2,10,0,0,-55555,-55555,1,1,1,-55555,2,7
318,2,10,1,1,-55555,-55555,1,0,1,-55555,2,6
319,2,10,1,0,-55555,-55555,1,1,0,-55555,0,6
320,2,6,1,1,-55555,-55555,1,1,1,-55555,2,6
321,2,6,1,1,-55555,-55555,1,0,0,-55555,0,5
322,2,8,1,1,-55555,-55555,1,1,1,-55555,2,8
323,2,6,0,1,-55555,-55555,0,1,0,-55555,1,4
324,2,6,0,0,-55555,-55555,1,1,1,-55555,1,6
325,2,4,1,0,-55555,-55555,1,1,0,-55555,2,4
326,2,10,0,0,-55555,-55555,1,1,1,-55555,2,9
327,2,10,0,1,-55555,-55555,1,1,1,-55555,2,7
328,2,6,1,1,-55555,-55555,1,1,1,-55555,2,7
329,2,6,1,1,-55555,-55555,1,0,1,-55555,2,6
330,2,8,0,1,-55555,-55555,1,1,1,-55555,2,7
331,2,10,0,1,-55555,-55555,1,1,1,-55555,2,8
332,2,4,1,1,-55555,-55555,1,0,0,-55555,0,3
333,2,6,0,1,-55555,-55555,1,1,1,-55555,2,6
334,2,4,1,1,-55555,-55555,1,0,1,-55555,0,4
335,2,8,0,0,-55555,-55555,1,1,0,-55555,1,5
336,2,6,0,1,-55555,-55555,1,1,1,-55555,2,5
337,2,8,1,1,-55555,-55555,1,1,1,-55555,2,7
338,2,10,1,1,-55555,-55555,1,1,1,-55555,2,9
339,2,4,1,1,-55555,-55555,1,1,1,-55555,2,4
340,2,10,0,1,-55555,-55555,1,0,1,-55555,2,6
341,2,8,0,0,-55555,-55555,1,1,1,-55555,2,5
342,2,10,0,0,-55555,-55555,1,1,1,-55555,2,9
343,2,4,1,0,-55555,-55555,1,1,1,-55555,2,6
344,2,6,0,0,-55555,-55555,1,1,1,-55555,2,7
345,2,4,1,0,-55555,-55555,1,1,0,-55555,0,3
346,2,6,0,1,-55555,-55555,1,1,1,-55555,2,7
347,2,6,1,0,-55555,-55555,0,1,0,-55555,0,3
348,2,10,0,1,-55555,-55555,1,1,1,-55555,2,7
349,2,8,1,1,-55555,-55555,1,1,1,-55555,1,6
350,2,6,0,0,-55555,-55555,1,1,1,-55555,2,5
351,2,8,0,0,-55555,-55555,1,1,1,-55555,1,6
352,2,6,0,0,-55555,-55555,1,1,1,-55555,2,6
353,2,6,1,1,-55555,-55555,1,1,1,-55555,2,6
354,2,10,1,1,-55555,-55555,1,1,1,-55555,2,8
355,2,6,1,1,-55555,-55555,1,1,1,-55555,2,6
356,2,6,0,0,-55555,-55555,1,1,1,-55555,1,7
357,2,4,0,0,-55555,-55555,1,1,0,-55555,2,6
358,2,4,1,0,-55555,-55555,1,1,0,-55555,0,4
359,2,8,0,0,-55555,-55555,1,1,1,-55555,2,7
360,2,6,0,0,-55555,-55555,1,1,1,-55555,1,5
361,2,4,1,1,-55555,-55555,1,1,1,-55555,2,5
362,2,4,1,0,-55555,-55555,1,0,1,-55555,2,6
363,2,10,1,0,-55555,-55555,1,1,1,-55555,2,10
364,2,10,1,1,-55555,-55555,1,1,1,-55555,2,9
365,2,8,1,1,-55555,-55555,1,1,1,-55555,1,7
366,2,4,1,0,-55555,-55555,1,1,1,-55555,2,5
367,2,8,1,0,-55555,-55555,1,1,1,-55555,2,8
368,2,10,0,1,-55555,-55555,1,1,1,-55555,2,8
369,2,10,0,1,-55555,-55555,1,1,1,-55555,1,7
370,2,8,1,1,-55555,-55555,1,1,1,-55555,2,8
371,2,6,1,1,-55555,-55555,1,1,1,-55555,1,6
372,2,10,1,1,-55555,-55555,1,1,1,-55555,2,6
373,2,10,0,1,-55555,-55555,1,1,1,-55555,2,5
374,2,6,0,1,-55555,-55555,1,1,1,-55555,2,8
375,2,8,1,0,-55555,-55555,1,1,0,-55555,1,6
376,2,8,0,1,-55555,-55555,1,1,1,-55555,2,9
377,2,10,0,1,-55555,-55555,1,0,1,-55555,2,7
378,2,6,0,1,-55555,-55555,1,1,0,-55555,2,5
379,2,4,0,0,-55555,-55555,1,0,1,-55555,0,4
380,2,4,1,0,-55555,-55555,1,1,1,-55555,1,5
381,2,4,1,1,-55555,-55555,0,0,0,-55555,0,2
382,2,8,1,1,-55555,-55555,1,1,1,-55555,2,8
383,2,6,1,0,-55555,-55555,1,1,1,-55555,2,6
384,2,8,1,1,-55555,-55555,1,1,1,-55555,1,7
385,2,6,0,1,-55555,-55555,1,0,0,-55555,1,4
386,2,4,1,1,-55555,-55555,1,1,1,-55555,2,5
387,2,6,1,0,-55555,-55555,1,1,1,-55555,0,5
388,2,6,0,1,-55555,-55555,1,1,1,-55555,2,7
389,2,4,0,1,-55555,-55555,1,1,0,-55555,1,4
390,2,10,1,0,-55555,-55555,1,1,1,-55555,2,10
391,2,6,1,0,-55555,-55555,1,1,1,-55555,1,7
392,2,4,0,1,-55555,-55555,0,1,1,-55555,1,4
393,2,6,1,1,-55555,-55555,1,1,0,-55555,2,5
394,2,10,0,0,-55555,-55555,1,1,1,-55555,2,9
395,2,10,1,0,-55555,-55555,1,1,1,-55555,1,8
396,2,8,1,1,-55555,-55555,1,1,1,-55555,1,6
397,2,6,0,1,-55555,-55555,1,1,1,-55555,2,7
398,2,8,0,1,-55555,-55555,1,1,1,-55555,2,7
399,2,8,0,0,-55555,-55555,1,1,1,-55555,2,7
400,2,4,0,1,-55555,-55555,1,1,1,-55555,1,5
401,2,10,1,0,-55555,-55555,1,1,1,-55555,2,10
402,2,4,1,0,-55555,-55555,0,0,0,-55555,0,1
403,2,8,1,0,-55555,-55555,1,1,1,-55555,2,7
404,2,6,1,0,-55555,-55555,1,1,1,-55555,2,6
405,2,10,0,0,-55555,-55555,1,1,1,-55555,2,8
406,2,8,1,0,-55555,-55555,1,1,1,-55555,2,9
407,2,4,1,0,-55555,-55555,1,1,1,-55555,2,5
408,2,4,0,0,-55555,-55555,0,0,0,-55555,0,1
409,2,4,1,0,-55555,-55555,1,0,1,-55555,0,5
410,2,8,1,0,-55555,-55555,1,1,1,-55555,0,8
411,2,10,0,1,-55555,-55555,1,1,1,-55555,2,11
412,2,4,1,1,-55555,-55555,1,1,1,-55555,1,6
413,2,10,1,0,-55555,-55555,1,1,1,-55555,2,8
414,2,8,1,1,-55555,-55555,1,1,1,-55555,2,7
415,2,6,1,1,-55555,-55555,1,1,0,-55555,0,5
416,2,8,0,0,-55555,-55555,1,1,1,-55555,2,7
417,2,10,0,1,-55555,-55555,1,1,1,-55555,2,9
418,2,4,1,1,-55555,-55555,1,0,0,-55555,0,4
419,2,6,0,1,-55555,-55555,1,1,1,-55555,2,6
420,2,4,1,1,-55555,-55555,1,1,1,-55555,0,5
421,2,4,0,1,-55555,-55555,1,1,1,-55555,1,4
422,2,4,0,0,-55555,-55555,1,1,0,-55555,1,3
423,2,4,0,0,-55555,-55555,0,0,0,-55555,0,3
424,2,4,0,0,-55555,-55555,0,0,0,-55555,1,0
425,2,10,1,1,-55555,-55555,1,1,1,-55555,2,10
426,2,4,0,0,-55555,-55555,1,0,0,-55555,1,5
427,2,6,0,0,-55555,-55555,1,1,1,-55555,2,6
428,2,10,0,0,-55555,-55555,1,1,1,-55555,2,11
429,2,10,1,1,-55555,-55555,1,1,1,-55555,2,8
430,2,6,1,1,-55555,-55555,1,1,1,-55555,2,7
431,2,8,1,0,-55555,-55555,1,1,1,-55555,2,8
432,2,10,0,0,-55555,-55555,1,1,1,-55555,2,9
433,2,8,1,0,-55555,-55555,1,1,1,-55555,1,8
434,2,8,1,1,-55555,-55555,1,1,1,-55555,1,6
435,2,10,1,1,-55555,-55555,1,1,1,-55555,0,6
436,2,6,1,1,-55555,-55555,1,0,1,-55555,0,4
437,2,10,0,1,-55555,-55555,1,1,1,-55555,1,8
438,2,10,0,0,-55555,-55555,1,1,1,-55555,1,9
439,2,6,0,1,-55555,-55555,1,1,1,-55555,2,6
440,2,4,1,0,-55555,-55555,1,1,1,-55555,0,5
441,2,6,0,0,-55555,-55555,1,1,1,-55555,2,9
442,2,6,1,0,-55555,-55555,1,1,1,-55555,2,8
443,2,6,0,0,-55555,-55555,1,1,1,-55555,2,7
444,2,10,0,0,-55555,-55555,1,1,1,-55555,2,8
445,2,4,1,1,-55555,-55555,1,0,0,-55555,0,3
446,2,10,0,1,-55555,-55555,1,0,1,-55555,1,8
447,2,4,1,1,-55555,-55555,1,0,0,-55555,0,2
448,2,8,1,0,-55555,-55555,1,1,1,-55555,2,7
449,2,4,1,1,-55555,-55555,1,0,0,-55555,0,3
450,2,4,1,0,-55555,-55555,1,1,1,-55555,2,5
451,2,10,0,1,-55555,-55555,1,1,1,-55555,1,6
452,2,4,0,0,-55555,-55555,1,1,1,-55555,2,5
453,2,8,1,1,-55555,-55555,1,1,0,-55555,1,5
454,2,8,0,0,-55555,-55555,1,1,1,-55555,2,7
455,2,8,1,0,-55555,-55555,1,1,1,-55555,0,9
456,2,10,1,0,-55555,-55555,1,1,1,-55555,2,11
457,2,10,1,0,-55555,-55555,1,1,1,-55555,2,7
458,2,8,0,1,-55555,-55555,1,1,1,-55555,2,7
459,2,10,1,1,-55555,-55555,1,1,1,-55555,2,9
460,2,10,1,1,-55555,-55555,1,1,1,-55555,1,6
461,2,8,1,0,-55555,-55555,1,1,1,-55555,2,9
462,2,6,1,1,-55555,-55555,1,1,1,-55555,2,6
463,2,4,1,0,-55555,-55555,1,1,1,-55555,2,5
464,2,6,0,0,-55555,-55555,1,1,1,-55555,1,6
465,2,8,1,0,-55555,-55555,1,1,1,-55555,2,8
466,2,8,1,1,-55555,-55555,1,1,1,-55555,2,7
467,2,4,1,0,-55555,-55555,1,0,0,-55555,1,3
468,2,8,1,0,-55555,-55555,1,1,0,-55555,1,7
469,2,4,0,0,-55555,-55555,0,0,1,-55555,1,5
470,2,10,0,1,-55555,-55555,1,1,1,-55555,2,7
471,2,10,0,1,-55555,-55555,1,1,1,-55555,2,8
472,2,4,1,0,-55555,-55555,1,1,1,-55555,1,5
473,2,4,1,1,-55555,-55555,1,1,1,-55555,2,8
474,2,10,1,0,-55555,-55555,1,1,1,-55555,2,9
475,2,4,1,0,-55555,-55555,1,1,1,-55555,2,6
476,2,10,0,1,-55555,-55555,1,1,1,-55555,2,7
477,2,8,0,1,-55555,-55555,1,1,1,-55555,2,8
478,2,4,1,1,-55555,-55555,1,1,1,-55555,2,6
479,2,6,1,1,-55555,-55555,1,1,1,-55555,1,6
480,2,10,0,0,-55555,-55555,1,1,1,-55555,0,8
481,2,6,1,0,-55555,-55555,1,1,1,-55555,2,7
482,2,4,1,0,-55555,-55555,1,0,1,-55555,0,5
483,2,4,1,0,-55555,-55555,1,1,1,-55555,1,5
484,2,8,0,1,-55555,-55555,1,1,1,-55555,2,6
485,2,4,1,0,-55555,-55555,1,1,1,-55555,0,4
486,2,10,1,0,-55555,-55555,1,1,1,-55555,1,6
487,2,6,0,0,-55555,-55555,1,1,1,-55555,1,5
488,2,6,0,1,-55555,-55555,1,1,1,-55555,2,7
489,2,6,1,1,-55555,-55555,1,0,0,-55555,2,4
490,2,4,0,0,-55555,-55555,0,0,0,-55555,0,3
491,2,8,0,1,-55555,-55555,1,1,1,-55555,2,8
492,2,10,0,0,-55555,-55555,1,1,1,-55555,2,7
493,2,6,0,0,-55555,-55555,1,1,1,-55555,2,6
494,2,10,1,1,-55555,-55555,1,1,1,-55555,0,7
495,2,8,0,0,-55555,-55555,1,1,1,-55555,1,7
496,2,8,1,1,-55555,-55555,1,1,1,-55555,2,9
497,2,6,1,0,-55555,-55555,1,1,1,-55555,1,6
498,2,8,1,0,-55555,-55555,1,1,1,-55555,1,6
499,2,10,0,1,-55555,-55555,1,1,1,-55555,1,8
500,2,6,1,1,-55555,-55555,1,1,1,-55555,2,7
501,2,4,0,1,-55555,-55555,0,1,0,-55555,0,3
502,2,8,1,1,-55555,-55555,1,1,1,-55555,2,7
503,2,8,1,1,-55555,-55555,1,0,1,-55555,0,6
504,2,8,1,1,-55555,-55555,1,1,1,-55555,2,8
505,2,4,1,1,-55555,-55555,1,1,1,-55555,1,6
506,2,4,1,0,-55555,-55555,1,0,0,-55555,0,4
507,2,4,0,1,-55555,-55555,1,1,1,-55555,2,4
508,2,8,0,1,-55555,-55555,1,1,1,-55555,2,8
509,2,10,0,0,-55555,-55555,1,1,1,-55555,2,9
510,2,10,0,0,-55555,-55555,1,1,1,-55555,2,9
511,2,6,0,1,-55555,-55555,1,1,1,-55555,2,6
512,2,10,0,0,-55555,-55555,1,1,0,-55555,1,7
513,2,8,1,0,-55555,-55555,1,1,1,-55555,2,5
514,2,10,0,1,-55555,-55555,1,1,1,-55555,1,8
515,2,8,0,0,-55555,-55555,1,1,1,-55555,2,7
516,2,8,1,1,-55555,-55555,1,1,1,-55555,2,9
517,2,10,1,0,-55555,-55555,1,1,1,-55555,1,8
518,2,6,0,0,-55555,-55555,1,1,1,-55555,2,5
519,2,4,1,1,-55555,-55555,1,1,1,-55555,2,4
520,2,8,0,1,-55555,-55555,1,1,1,-55555,1,6
521,2,6,0,1,-55555,-55555,1,1,1,-55555,2,8
522,2,8,0,0,-55555,-55555,1,1,1,-55555,2,7
523,2,10,1,0,-55555,-55555,1,1,1,-55555,0,7
524,2,6,1,0,-55555,-55555,1,1,1,-55555,2,6
525,2,8,1,0,-55555,-55555,1,1,1,-55555,2,8
526,2,6,0,0,-55555,-55555,1,1,1,-55555,1,4
527,2,6,1,1,-55555,-55555,1,1,1,-55555,0,6
528,2,6,1,1,-55555,-55555,1,1,0,-55555,1,4
529,2,8,1,1,-55555,-55555,1,1,1,-55555,2,8
530,2,4,0,1,-55555,-55555,1,1,1,-55555,2,6
531,2,8,1,0,-55555,-55555,1,1,1,-55555,2,6
532,2,8,0,1,-55555,-55555,1,1,1,-55555,1,6
533,2,6,1,1,-55555,-55555,1,1,1,-55555,2,6
534,2,8,1,0,-55555,-55555,1,1,1,-55555,2,7
535,2,6,1,0,-55555,-55555,1,1,1,-55555,1,6
536,2,4,0,0,-55555,-55555,1,1,1,-55555,1,4
537,2,8,1,1,-55555,-55555,1,1,1,-55555,2,9
538,2,6,1,0,-55555,-55555,1,1,1,-55555,1,4
539,2,4,1,1,-55555,-55555,0,0,1,-55555,0,3
540,2,6,1,1,-55555,-55555,1,1,1,-55555,1,6
541,2,4,1,0,-55555,-55555,1,1,1,-55555,2,5
542,2,8,1,0,-55555,-55555,1,1,1,-55555,2,7
543,2,6,0,1,-55555,-55555,1,1,1,-55555,2,8
544,2,10,1,0,-55555,-55555,1,1,1,-55555,1,7
545,2,10,1,0,-55555,-55555,1,1,1,-55555,1,8
546,2,10,0,0,-55555,-55555,1,1,1,-55555,2,7
547,2,10,0,1,-55555,-55555,1,1,1,-55555,2,10
548,2,10,1,1,-55555,-55555,1,1,1,-55555,2,9
549,2,6,0,1,-55555,-55555,1,0,1,-55555,2,4
550,2,4,0,1,-55555,-55555,1,1,1,-55555,2,6
551,2,6,0,1,-55555,-55555,1,1,1,-55555,1,7
552,2,4,0,1,-55555,-55555,1,1,1,-55555,2,6
553,2,10,0,0,-55555,-55555,1,1,1,-55555,2,10
554,2,10,0,1,-55555,-55555,1,1,1,-55555,2,8
555,2,6,0,1,-55555,-55555,1,1,1,-55555,2,6
556,2,4,1,1,-55555,-55555,1,0,1,-55555,2,3
557,2,8,0,1,-55555,-55555,1,0,0,-55555,1,4
558,2,10,1,1,-55555,-55555,1,0,0,-55555,0,2
559,2,8,1,0,-55555,-55555,1,0,0,-55555,0,6
560,2,8,0,1,-55555,-55555,1,1,1,-55555,2,7
561,2,6,1,0,-55555,-55555,1,1,1,-55555,1,6
562,2,8,0,0,-55555,-55555,1,1,1,-55555,2,6
563,2,6,0,1,-55555,-55555,1,1,1,-55555,0,6
564,2,10,1,1,-55555,-55555,1,1,1,-55555,2,8
565,2,4,0,1,-55555,-55555,1,1,1,-55555,0,8
566,2,10,0,1,-55555,-55555,1,1,1,-55555,2,8
567,2,6,1,1,-55555,-55555,1,1,0,-55555,1,4
568,2,6,0,1,-55555,-55555,1,1,1,-55555,2,6
569,2,6,0,0,-55555,-55555,1,1,1,-55555,2,5
570,2,8,1,0,-55555,-55555,1,1,0,-55555,1,5
571,2,6,1,0,-55555,-55555,1,1,0,-55555,0,5
572,2,10,0,0,-55555,-55555,1,1,1,-55555,2,8
573,2,10,0,1,-55555,-55555,1,1,1,-55555,2,8
574,2,10,0,0,-55555,-55555,1,1,1,-55555,1,7
575,2,8,0,0,-55555,-55555,1,1,1,-55555,2,9
576,2,4,1,1,-55555,-55555,1,0,0,-55555,1,4
577,2,6,0,1,-55555,-55555,1,1,1,-55555,2,7
578,2,4,0,0,-55555,-55555,1,1,1,-55555,1,5
579,2,6,0,0,-55555,-55555,1,1,1,-55555,2,4
580,2,10,1,1,-55555,-55555,1,1,1,-55555,2,9
581,2,4,1,1,-55555,-55555,1,1,1,-55555,2,5
582,2,4,1,0,-55555,-55555,1,0,0,-55555,1,3
583,2,6,0,1,-55555,-55555,0,0,0,-55555,0,5
584,2,8,0,1,-55555,-55555,1,1,1,-55555,2,9
585,2,10,1,1,-55555,-55555,1,1,1,-55555,1,8
586,2,4,0,1,-55555,-55555,1,0,0,-55555,0,5
587,2,8,0,1,-55555,-55555,1,1,1,-55555,2,8
588,2,8,1,0,-55555,-55555,1,1,1,-55555,2,6
589,2,8,0,0,-55555,-55555,1,1,1,-55555,2,10
590,2,8,1,0,-55555,-55555,1,1,1,-55555,1,6
591,2,4,1,0,-55555,-55555,1,1,1,-55555,2,7
592,2,10,1,1,-55555,-55555,1,1,1,-55555,2,8
593,2,4,0,0,-55555,-55555,1,1,1,-55555,2,6
594,2,6,1,1,-55555,-55555,1,1,1,-55555,2,6
595,2,8,1,1,-55555,-55555,1,1,1,-55555,2,8
596,2,10,0,1,-55555,-55555,1,1,1,-55555,2,9
597,2,6,1,1,-55555,-55555,1,1,1,-55555,1,5
598,2,6,0,0,-55555,-55555,1,1,1,-55555,2,8
599,2,6,0,1,-55555,-55555,1,1,1,-55555,1,5
600,2,6,0,0,-55555,-55555,1,1,1,-55555,1,5
601,2,4,0,1,-55555,-55555,0,0,0,-55555,0,3
602,2,6,1,0,-55555,-55555,1,1,1,-55555,2,6
603,2,4,0,0,-55555,-55555,1,1,1,-55555,1,5
604,2,6,0,0,-55555,-55555,1,1,1,-55555,0,6
605,2,4,0,1,-55555,-55555,1,1,1,-55555,1,5
606,2,4,1,1,-55555,-55555,1,1,1,-55555,0,6
607,2,10,0,1,-55555,-55555,1,1,1,-55555,2,8
608,2,8,1,0,-55555,-55555,1,1,1,-55555,1,7
609,2,8,1,0,-55555,-55555,1,1,1,-55555,2,7
610,2,8,1,1,-55555,-55555,1,1,1,-55555,2,9
611,2,8,1,0,-55555,-55555,1,1,1,-55555,2,7
612,2,4,1,1,-55555,-55555,1,1,0,-55555,0,4
613,2,6,1,0,-55555,-55555,1,0,0,-55555,0,4
614,2,8,0,1,-55555,-55555,1,1,1,-55555,1,7
615,2,6,0,0,-55555,-55555,1,0,0,-55555,0,5
616,2,10,0,0,-55555,-55555,1,1,1,-55555,2,11
617,2,8,0,0,-55555,-55555,1,1,1,-55555,2,5
618,2,8,1,1,-55555,-55555,1,1,1,-55555,2,8
619,2,8,0,0,-55555,-55555,1,1,1,-55555,2,9
620,2,8,1,0,-55555,-55555,1,1,1,-55555,0,7
621,2,6,1,0,-55555,-55555,1,1,1,-55555,1,6
622,2,6,0,0,-55555,-55555,1,1,1,-55555,2,6
623,2,4,1,1,-55555,-55555,1,1,1,-55555,2,5
624,2,4,0,1,-55555,-55555,1,1,1,-55555,2,6
625,2,10,0,1,-55555,-55555,1,1,1,-55555,2,8
626,2,8,1,0,-55555,-55555,1,1,1,-55555,1,8
627,2,8,1,1,-55555,-55555,1,1,1,-55555,2,7
628,2,10,1,0,-55555,-55555,1,1,1,-55555,2,8
629,2,8,1,1,-55555,-55555,1,1,1,-55555,2,6
630,2,6,1,0,-55555,-55555,1,1,1,-55555,2,7
631,2,10,1,1,-55555,-55555,1,1,1,-55555,0,7
632,2,4,1,1,-55555,-55555,1,0,0,-55555,0,4
633,2,6,0,0,-55555,-55555,1,1,0,-55555,0,4
634,2,4,1,0,-55555,-55555,1,1,1,-55555,2,6
635,2,8,0,0,-55555,-55555,1,1,1,-55555,1,5
636,2,4,1,0,-55555,-55555,1,1,1,-55555,2,4
637,2,10,0,1,-55555,-55555,1,1,1,-55555,2,9
638,2,10,0,0,-55555,-55555,1,1,1,-55555,2,6
639,2,10,0,0,-55555,-55555,1,1,1,-55555,2,9
640,2,10,0,0,-55555,-55555,1,1,1,-55555,2,7
641,2,10,1,1,-55555,-55555,1,1,1,-55555,2,10
642,2,4,0,0,-55555,-55555,0,0,0,-55555,0,3
643,2,10,0,1,-55555,-55555,1,1,1,-55555,2,8
644,2,6,0,1,-55555,-55555,0,1,0,-55555,1,3
645,2,10,1,1,-55555,-55555,1,1,1,-55555,2,7
646,2,6,0,1,-55555,-55555,1,1,1,-55555,2,6
647,2,8,0,0,-55555,-55555,1,1,1,-55555,2,7
648,2,4,1,0,-55555,-55555,1,0,0,-55555,1,3
649,2,10,0,1,-55555,-55555,1,1,1,-55555,1,7
650,2,6,1,1,-55555,-55555,1,0,0,-55555,2,4
651,2,8,0,1,-55555,-55555,1,1,1,-55555,2,7
652,2,4,1,0,-55555,-55555,1,1,1,-55555,2,4
653,2,6,1,0,-55555,-55555,1,1,1,-55555,2,7
654,2,4,0,0,-55555,-55555,1,1,1,-55555,1,6
655,2,6,0,0,-55555,-55555,1,0,1,-55555,0,5
656,2,4,0,0,-55555,-55555,1,0,0,-55555,1,4
657,2,10,0,0,-55555,-55555,1,1,1,-55555,2,8
658,2,10,1,1,-55555,-55555,1,1,1,-55555,2,10
659,2,10,0,1,-55555,-55555,1,1,1,-55555,2,8
660,2,8,0,1,-55555,-55555,1,1,1,-55555,1,7
661,2,6,1,1,-55555,-55555,1,1,1,-55555,2,6
662,2,6,1,0,-55555,-55555,1,1,1,-55555,2,7
663,2,8,1,1,-55555,-55555,1,1,1,-55555,2,9
664,2,8,0,0,-55555,-55555,1,1,1,-55555,1,6
665,2,4,1,0,-55555,-55555,1,1,1,-55555,1,5
666,2,6,1,1,-55555,-55555,1,1,1,-55555,2,6
667,2,4,1,1,-55555,-55555,1,0,0,-55555,1,3
668,2,8,1,1,-55555,-55555,1,1,1,-55555,2,8
669,2,8,1,0,-55555,-55555,1,1,1,-55555,2,8
670,2,8,1,1,-55555,-55555,1,1,1,-55555,1,6
671,2,4,0,0,-55555,-55555,1,1,0,-55555,1,5
672,2,8,1,1,-55555,-55555,1,1,0,-55555,0,5
673,2,8,0,1,-55555,-55555,1,1,1,-55555,2,9
674,2,8,1,0,-55555,-55555,1,1,1,-55555,1,6
675,2,6,0,0,-55555,-55555,1,1,1,-55555,2,7
676,2,4,0,1,-55555,-55555,0,0,0,-55555,1,3
677,2,8,1,0,-55555,-55555,1,1,1,-55555,2,9
678,2,10,0,1,-55555,-55555,1,0,1,-55555,2,7
679,2,4,0,1,-55555,-55555,1,1,1,-55555,2,5
680,2,8,1,1,-55555,-55555,1,1,1,-55555,0,6
681,2,4,0,0,-55555,-55555,1,1,1,-55555,2,6
682,2,6,0,0,-55555,-55555,1,0,0,-55555,1,5
683,2,4,0,1,-55555,-55555,1,1,1,-55555,1,5
684,2,4,1,1,-55555,-55555,1,1,1,-55555,2,5
685,2,6,0,0,-55555,-55555,1,1,1,-55555,2,7
686,2,10,1,1,-55555,-55555,1,1,1,-55555,2,10
687,2,8,1,1,-55555,-55555,1,1,1,-55555,2,9
688,2,10,1,0,-55555,-55555,1,1,1,-55555,2,8
689,2,10,0,0,-55555,-55555,1,1,1,-55555,2,7
690,2,4,0,1,-55555,-55555,1,1,1,-55555,2,6
691,2,8,1,0,-55555,-55555,1,1,1,-55555,2,7
692,2,6,1,0,-55555,-55555,1,1,0,-55555,0,5
693,2,8,1,1,-55555,-55555,1,1,1,-55555,0,6
694,2,4,0,0,-55555,-55555,0,0,0,-55555,0,3
695,2,8,1,1,-55555,-55555,1,1,1,-55555,1,6
696,2,4,0,1,-55555,-55555,1,1,1,-55555,2,6
697,2,8,0,0,-55555,-55555,1,1,1,-55555,2,7
698,2,4,1,0,-55555,-55555,1,0,0,-55555,1,4
699,2,6,0,1,-55555,-55555,1,1,1,-55555,0,5
700,2,6,0,1,-55555,-55555,1,1,1,-55555,2,5
701,2,10,1,0,-55555,-55555,1,1,1,-55555,2,8
702,2,6,0,0,-55555,-55555,1,1,1,-55555,1,4
703,2,6,1,1,-55555,-55555,1,1,1,-55555,2,7
704,2,10,1,0,-55555,-55555,1,1,1,-55555,2,8
705,2,8,1,1,-55555,-55555,1,1,1,-55555,2,7
706,2,10,0,1,-55555,-55555,1,1,1,-55555,2,10
707,2,6,1,0,-55555,-55555,1,0,0,-55555,0,4
708,2,6,1,1,-55555,-55555,1,1,0,-55555,0,4
709,2,6,1,1,-55555,-55555,1,1,1,-55555,2,8
710,2,8,0,1,-55555,-55555,1,1,1,-55555,2,8
711,2,4,0,1,-55555,-55555,0,0,0,-55555,0,1
712,2,8,1,1,-55555,-55555,1,1,1,-55555,2,8
713,2,10,0,1,-55555,-55555,1,0,1,-55555,2,6
714,2,8,1,0,-55555,-55555,1,1,1,-55555,2,8
715,2,4,0,1,-55555,-55555,1,1,1,-55555,2,7
716,2,6,1,0,-55555,-55555,1,1,1,-55555,0,7
717,2,10,1,1,-55555,-55555,1,1,1,-55555,2,10
718,2,4,1,0,-55555,-55555,1,1,1,-55555,1,7
719,2,8,0,0,-55555,-55555,1,1,1,-55555,2,7
720,2,8,0,0,-55555,-55555,1,1,1,-55555,2,8
721,2,10,0,0,-55555,-55555,1,1,1,-55555,1,6
722,2,4,0,0,-55555,-55555,0,1,0,-55555,1,3
723,2,4,1,0,-55555,-55555,1,1,1,-55555,0,7
724,2,4,1,1,-55555,-55555,1,1,0,-55555,0,6
725,2,4,1,1,-55555,-55555,1,1,1,-55555,2,6
726,2,6,0,1,-55555,-55555,1,0,1,-55555,1,5
727,2,6,1,1,-55555,-55555,1,1,1,-55555,2,8
728,2,8,1,1,-55555,-55555,1,1,1,-55555,1,6
729,2,4,0,0,-55555,-55555,0,0,1,-55555,0,5
730,2,6,1,0,-55555,-55555,1,1,1,-55555,0,5
731,2,4,1,1,-55555,-55555,0,0,0,-55555,0,1
732,2,4,1,0,-55555,-55555,1,1,1,-55555,1,7
733,2,6,1,1,-55555,-55555,1,1,1,-55555,2,5
734,2,10,1,1,-55555,-55555,1,1,1,-55555,1,7
735,2,10,1,0,-55555,-55555,1,1,1,-55555,0,6
736,2,10,0,0,-55555,-55555,1,1,1,-55555,2,8
737,2,6,0,1,-55555,-55555,1,0,0,-55555,0,5
738,2,8,0,0,-55555,-55555,1,1,1,-55555,2,6
739,2,4,0,1,-55555,-55555,1,0,1,-55555,1,5
740,2,6,1,1,-55555,-55555,1,1,1,-55555,0,6
741,2,10,0,1,-55555,-55555,1,1,1,-55555,1,6
742,2,8,0,1,-55555,-55555,1,1,1,-55555,1,6
743,2,4,1,0,-55555,-55555,1,1,1,-55555,2,5
744,2,4,1,1,-55555,-55555,1,1,1,-55555,2,6
745,2,8,1,1,-55555,-55555,1,1,1,-55555,2,7
746,2,10,0,0,-55555,-55555,1,1,1,-55555,2,7
747,2,8,1,1,-55555,-55555,1,1,1,-55555,2,8
748,2,4,0,1,-55555,-55555,1,1,1,-55555,2,7
749,2,6,0,0,-55555,-55555,1,1,1,-55555,2,5
750,2,4,1,1,-55555,-55555,0,1,0,-55555,2,4
751,3,4,1,0,1,0,1,-55555,0,3,1,3
752,3,8,1,0,1,1,1,-55555,1,3,2,5
753,3,6,0,0,1,1,1,-55555,1,3,2,6
754,3,3,0,1,0,1,0,-55555,1,1,1,2
755,3,4,1,0,1,1,1,-55555,1,2,2,5
756,3,5,0,0,1,0,0,-55555,0,3,1,5
757,3,6,1,1,1,1,1,-55555,1,3,2,5
758,3,6,1,1,1,1,1,-55555,0,3,1,4
759,3,3,1,1,1,1,1,-55555,1,3,0,5
760,3,8,1,1,1,1,1,-55555,1,3,2,6
761,3,8,1,0,1,1,1,-55555,1,3,2,6
762,3,4,1,1,1,0,0,-55555,0,2,0,4
763,3,3,1,1,0,0,0,-55555,0,2,0,3
764,3,6,1,1,1,1,1,-55555,1,3,2,5
765,3,3,0,1,0,1,0,-55555,0,2,0,2
766,3,7,1,0,1,1,1,-55555,1,3,2,6
767,3,5,0,0,1,0,1,-55555,0,3,0,3
768,3,8,1,1,1,1,1,-55555,1,3,1,4
769,3,3,1,0,1,1,1,-55555,1,3,2,4
770,3,3,1,0,0,0,1,-55555,0,1,0,3
771,3,4,0,0,1,1,1,-55555,0,2,1,5
772,3,8,1,1,1,1,1,-55555,0,3,0,3
773,3,8,0,0,1,1,1,-55555,1,3,2,5
774,3,3,1,1,0,0,0,-55555,0,0,1,0
775,3,7,1,1,1,0,1,-55555,0,3,0,3
776,3,8,1,0,1,1,1,-55555,0,3,0,3
777,3,3,0,1,1,0,0,-55555,0,3,0,2
778,3,8,1,0,1,1,1,-55555,1,3,2,5
779,3,5,0,1,1,1,1,-55555,1,3,1,4
780,3,8,1,0,1,1,1,-55555,1,3,2,5
781,3,4,1,1,1,1,1,-55555,1,3,2,4
782,3,3,0,1,1,0,1,-55555,0,3,1,3
783,3,8,1,0,1,1,1,-55555,1,3,2,8
784,3,8,1,1,1,1,1,-55555,1,3,2,7
785,3,8,1,0,1,1,1,-55555,1,3,2,6
786,3,5,1,1,1,1,1,-55555,1,3,1,5
787,3,3,1,1,1,1,1,-55555,1,3,0,5
788,3,6,1,1,1,1,1,-55555,1,3,2,5
789,3,5,1,1,1,0,1,-55555,1,3,1,4
790,3,7,1,0,1,1,1,-55555,1,3,1,6
791,3,5,1,1,1,1,1,-55555,1,3,2,5
792,3,8,1,0,1,1,1,-55555,1,3,0,3
793,3,3,0,0,1,1,1,-55555,1,3,1,6
794,3,4,0,0,1,1,1,-55555,1,3,1,5
795,3,7,0,1,1,0,1,-55555,1,3,1,4
796,3,8,1,0,1,1,1,-55555,1,3,1,5
797,3,6,1,0,1,1,1,-55555,1,2,2,4
798,3,6,0,0,1,0,1,-55555,0,3,0,3
799,3,7,1,0,1,1,1,-55555,1,3,2,5
800,3,8,1,0,1,1,1,-55555,1,3,2,7
801,3,6,1,0,1,1,1,-55555,1,3,1,6
802,3,8,1,1,1,1,1,-55555,1,3,0,6
803,3,7,1,1,1,1,1,-55555,1,3,2,7
804,3,7,1,1,1,1,1,-55555,1,3,2,5
805,3,3,0,0,0,0,1,-55555,0,1,0,2
806,3,6,0,0,1,1,1,-55555,1,3,1,4
807,3,3,1,0,1,0,1,-55555,1,1,2,4
808,3,5,0,1,0,1,1,-55555,1,3,1,4
809,3,3,1,1,0,0,0,-55555,0,1,0,3
810,3,7,1,1,1,1,1,-55555,1,3,2,6
811,3,7,1,0,1,1,1,-55555,1,3,2,7
812,3,5,1,1,1,0,1,-55555,0,3,0,2
813,3,4,1,0,1,1,1,-55555,1,1,1,3
814,3,3,0,0,1,1,1,-55555,1,1,2,4
815,3,3,1,1,1,1,1,-55555,1,3,2,5
816,3,6,1,1,1,1,1,-55555,1,3,2,6
817,3,7,0,1,1,0,1,-55555,1,3,0,4
818,3,7,1,1,1,1,1,-55555,1,3,2,5
819,3,3,0,0,1,0,1,-55555,1,1,0,4
820,3,3,1,0,1,1,1,-55555,1,1,2,6
821,3,8,1,1,1,0,1,-55555,1,3,1,4
822,3,6,1,0,1,1,1,-55555,1,3,2,6
823,3,7,0,0,1,1,1,-55555,1,2,1,3
824,3,3,1,0,1,1,1,-55555,1,2,0,4
825,3,4,1,0,1,1,1,-55555,0,3,0,5
826,3,5,1,1,1,1,1,-55555,1,3,2,6
827,3,5,1,1,1,1,1,-55555,1,3,1,4
828,3,4,1,0,1,1,1,-55555,0,3,1,4
829,3,6,1,1,1,0,1,-55555,0,3,0,4
830,3,5,1,1,1,1,1,-55555,1,3,2,4
831,3,8,1,0,1,1,1,-55555,1,3,2,5
832,3,4,1,1,1,1,1,-55555,1,3,2,5
833,3,3,1,0,1,1,1,-55555,1,3,1,4
834,3,7,1,1,1,1,1,-55555,0,3,0,4
835,3,6,1,0,1,1,1,-55555,1,3,2,5
836,3,5,1,1,1,1,1,-55555,1,3,1,5
837,3,7,1,0,1,0,1,-55555,0,3,1,3
838,3,4,1,1,1,1,1,-55555,1,3,2,5
839,3,6,1,0,1,1,1,-55555,1,3,1,4
840,3,7,1,1,1,1,1,-55555,1,3,1,4
841,3,3,1,1,1,0,0,-55555,1,1,1,3
842,3,6,1,1,1,1,1,-55555,1,3,1,6
843,3,3,1,0,1,1,1,-55555,0,3,1,5
844,3,6,0,1,1,1,1,-55555,1,3,2,4
845,3,6,1,1,1,1,1,-55555,1,3,1,4
846,3,6,1,1,1,1,1,-55555,0,3,2,4
847,3,6,0,0,1,1,1,-55555,1,3,2,7
848,3,3,0,0,0,0,0,-55555,0,2,0,3
849,3,6,1,1,1,1,1,-55555,1,3,0,4
850,3,7,1,0,1,1,1,-55555,1,3,2,6
851,3,4,0,0,1,0,1,-55555,0,3,0,4
852,3,8,1,1,1,0,1,-55555,0,3,0,3
853,3,8,1,1,1,1,1,-55555,1,3,0,6
854,3,4,1,0,1,1,1,-55555,1,3,2,6
855,3,6,1,1,1,1,1,-55555,1,3,2,6
856,3,4,1,0,1,0,1,-55555,0,3,2,4
857,3,7,1,1,1,1,1,-55555,1,3,2,6
858,3,3,1,1,1,0,1,-55555,1,1,2,3
859,3,6,1,0,1,1,1,-55555,1,3,2,5
860,3,4,1,1,1,1,1,-55555,1,2,2,6
861,3,7,1,1,1,1,1,-55555,1,3,1,6
862,3,7,0,1,1,1,1,-55555,1,3,1,4
863,3,4,0,0,1,1,1,-55555,1,3,2,7
864,3,7,1,0,1,1,1,-55555,1,3,2,4
865,3,5,1,1,0,0,1,-55555,1,3,1,3
866,3,3,1,0,1,0,1,-55555,0,2,0,2
867,3,5,1,0,1,1,1,-55555,1,3,2,7
868,3,7,1,0,1,0,1,-55555,0,3,1,4
869,3,5,0,1,1,1,1,-55555,1,3,2,4
870,3,3,1,0,1,1,1,-55555,0,3,0,4
871,3,3,1,1,0,0,0,-55555,0,2,0,2
872,3,4,1,1,1,1,1,-55555,1,3,1,5
873,3,4,1,0,1,1,1,-55555,1,2,2,4
874,3,6,0,1,1,1,0,-55555,1,3,2,3
875,3,3,1,0,1,0,1,-55555,0,1,1,4
876,3,5,1,0,1,1,1,-55555,1,2,1,5
877,3,8,1,1,1,1,1,-55555,1,3,2,5
878,3,6,1,0,1,1,1,-55555,0,3,2,3
879,3,8,1,1,1,1,1,-55555,1,3,1,6
880,3,3,0,0,1,1,1,-55555,1,1,2,4
881,3,5,1,0,1,1,1,-55555,1,3,2,7
882,3,6,0,0,1,1,0,-55555,0,3,0,3
883,3,7,1,1,1,1,1,-55555,1,3,2,6
884,3,5,1,1,1,1,1,-55555,0,1,0,3
885,3,4,1,0,1,0,1,-55555,1,3,2,6
886,3,3,0,0,0,0,0,-55555,0,1,0,2
887,3,3,1,1,0,1,0,-55555,1,1,2,3
888,3,8,1,1,1,0,1,-55555,0,3,0,3
889,3,5,0,1,1,1,1,-55555,1,3,2,5
890,3,5,0,0,1,1,1,-55555,1,3,2,6
891,3,6,1,1,1,1,1,-55555,1,3,1,4
892,3,5,0,1,1,1,1,-55555,1,3,2,7
893,3,6,0,1,1,1,1,-55555,1,2,1,5
894,3,3,0,0,1,1,1,-55555,1,3,0,4
895,3,6,1,1,1,1,1,-55555,1,3,2,6
896,3,4,1,0,0,0,1,-55555,1,2,1,3
897,3,3,1,0,1,0,0,-55555,0,3,0,3
898,3,4,0,0,1,1,1,-55555,1,1,0,3
899,3,7,1,0,1,1,1,-55555,1,2,2,6
900,3,7,1,1,1,1,1,-55555,1,3,2,5
901,3,5,1,1,1,1,1,-55555,1,3,1,4
902,3,5,1,1,1,0,1,-55555,1,3,0,4
903,3,7,1,1,1,0,1,-55555,1,3,0,4
904,3,7,1,1,1,1,1,-55555,1,3,2,5
905,3,5,1,0,1,1,1,-55555,1,1,2,5
906,3,5,0,1,1,1,1,-55555,1,3,1,4
907,3,5,1,1,1,1,0,-55555,0,3,0,4
908,3,6,1,1,1,0,1,-55555,0,3,1,3
909,3,7,0,0,1,0,1,-55555,1,3,0,3
910,3,6,1,1,1,1,1,-55555,1,3,1,7
911,3,5,1,0,1,1,1,-55555,1,2,2,5
912,3,3,1,0,1,0,1,-55555,1,0,1,4
913,3,8,0,1,1,1,1,-55555,1,3,2,6
914,3,4,1,1,1,0,0,-55555,0,3,0,3
915,3,3,1,1,0,0,0,-55555,1,3,1,4
916,3,6,1,0,1,1,1,-55555,1,3,2,7
917,3,6,0,0,1,1,1,-55555,1,2,2,4
918,3,6,0,0,1,1,1,-55555,1,3,1,6
919,3,8,0,0,1,1,1,-55555,1,3,2,5
920,3,3,1,1,0,1,0,-55555,1,3,2,4
921,3,3,1,0,1,1,1,-55555,1,3,2,5
922,3,5,1,0,1,1,1,-55555,1,3,2,4
923,3,5,0,1,1,0,1,-55555,0,2,2,4
924,3,5,0,1,1,0,1,-55555,0,3,1,4
925,3,5,1,0,0,1,1,-55555,0,2,0,3
926,3,7,1,0,1,1,1,-55555,1,3,1,6
927,3,3,1,1,1,0,1,-55555,1,3,1,4
928,3,3,1,0,0,0,0,-55555,0,2,0,3
929,3,5,0,1,1,0,1,-55555,1,3,0,4
930,3,6,1,0,1,1,1,-55555,1,3,1,4
931,3,5,1,0,1,0,1,-55555,1,1,2,4
932,3,7,1,1,1,1,1,-55555,1,3,2,6
933,3,6,1,0,1,1,1,-55555,0,3,0,5
934,3,6,0,1,1,1,1,-55555,1,3,2,7
935,3,8,0,0,1,1,1,-55555,1,3,0,4
936,3,6,1,1,1,1,1,-55555,0,3,1,4
937,3,4,1,0,1,1,1,-55555,1,1,2,4
938,3,5,0,0,1,1,1,-55555,1,3,2,4
939,3,5,1,0,1,0,1,-55555,1,3,0,4
940,3,6,1,1,1,1,1,-55555,1,3,1,4
941,3,6,0,0,1,1,1,-55555,1,3,2,6
942,3,3,0,0,0,1,0,-55555,0,2,0,3
943,3,7,1,0,1,1,1,-55555,1,3,1,6
944,3,6,1,0,1,1,1,-55555,1,3,0,3
945,3,8,0,0,1,0,1,-55555,0,3,0,2
946,3,3,1,0,1,1,1,-55555,1,1,2,5
947,3,8,0,0,1,1,1,-55555,1,3,1,5
948,3,4,1,0,1,0,1,-55555,0,1,0,3
949,3,3,1,0,1,0,1,-55555,0,3,1,2
950,3,5,1,0,1,0,1,-55555,0,3,1,4
951,3,7,0,0,1,1,1,-55555,1,3,1,5
952,3,7,1,0,1,0,1,-55555,1,3,0,3
953,3,7,1,0,1,1,1,-55555,1,1,0,4
954,3,8,1,0,1,1,1,-55555,1,3,1,6
955,3,8,1,1,1,1,1,-55555,1,3,0,6
956,3,5,1,1,1,1,1,-55555,0,3,0,3
957,3,3,1,0,1,1,1,-55555,1,3,1,5
958,3,5,0,1,1,1,1,-55555,1,3,2,6
959,3,3,0,0,0,0,0,-55555,0,2,0,1
960,3,5,1,0,1,1,1,-55555,1,3,2,6
961,3,3,1,0,1,1,1,-55555,0,1,2,5
962,3,6,1,1,1,1,1,-55555,1,3,1,6
963,3,8,0,0,1,1,1,-55555,1,3,2,7
964,3,3,1,0,1,1,1,-55555,1,2,2,5
965,3,8,1,1,1,0,1,-55555,0,3,0,4
966,3,8,0,1,1,1,1,-55555,1,3,1,5
967,3,4,1,0,0,1,1,-55555,0,3,2,3
968,3,6,1,0,1,1,1,-55555,1,3,0,4
969,3,4,1,1,1,0,1,-55555,1,3,1,4
970,3,7,1,0,1,1,1,-55555,1,3,2,4
971,3,3,0,1,1,1,1,-55555,0,3,0,4
972,3,7,1,0,1,1,1,-55555,1,3,0,6
973,3,6,0,0,1,0,1,-55555,1,1,1,3
974,3,7,1,1,1,1,1,-55555,1,3,1,7
975,3,3,1,0,0,0,0,-55555,0,0,1,2
976,3,5,0,0,1,1,1,-55555,1,3,2,4
977,3,7,0,0,1,1,1,-55555,0,3,1,4
978,3,4,1,1,1,1,1,-55555,1,2,2,6
979,3,4,0,0,1,0,0,-55555,0,3,0,3
980,3,5,0,0,1,0,1,-55555,1,2,1,5
981,3,5,1,0,1,1,1,-55555,0,3,0,5
982,3,7,0,1,1,0,1,-55555,1,3,1,5
983,3,5,1,0,1,1,1,-55555,0,3,0,3
984,3,6,1,0,1,1,1,-55555,0,3,0,3
985,3,6,1,0,1,1,1,-55555,1,3,2,5
986,3,4,0,1,0,0,0,-55555,0,2,0,2
987,3,4,1,0,1,1,1,-55555,1,3,2,6
988,3,8,1,0,1,1,1,-55555,1,3,2,6
989,3,8,1,1,1,1,1,-55555,1,3,1,5
990,3,6,1,1,1,1,1,-55555,1,3,2,6
991,3,6,0,1,1,1,1,-55555,1,3,2,5
992,3,8,0,1,1,1,1,-55555,1,3,2,8
993,3,4,1,0,1,1,1,-55555,0,3,0,4
994,3,3,1,0,1,1,0,-55555,0,1,0,4
995,3,3,1,1,1,0,1,-55555,1,2,0,4
996,3,8,1,0,1,0,1,-55555,0,3,0,4
997,3,6,1,0,1,1,1,-55555,1,3,2,6
998,3,4,1,1,1,0,0,-55555,1,2,0,2
999,3,4,1,1,1,1,1,-55555,1,3,1,5
1000,3,8,1,0,1,0,1,-55555,1,3,2,4
